Pillar,Cluster,Primary Keyword,Secondary Keywords,Target Slug,Internal Link To
Pillar 1: Solar,Subsidies,solar subsidy raipur 2026,"pm surya ghar chhattisgarh, cspdcl net metering, creda solar subsidy raipur",solar-subsidy-raipur-chhattisgarh-guide,/solar/residential
Pillar 1: Solar,Comparison,best solar panels raipur,"mono-perc vs bifacial raipur, cheap solar panels cg, solar technology comparison",which-solar-panel-is-best-cheap-comparison-raipur,solar-subsidy-raipur-chhattisgarh-guide
Pillar 2: Health Insurance,Senior Citizens,senior citizen health insurance raipur,"medical insurance for parents raipur, health insurance for 70 plus raipur, TATA AIG senior plans",health-insurance-senior-citizens-raipur-guide,/insurance/health
Pillar 2: Health Insurance,Business/SME,health insurance for shop owners raipur,"group medical insurance raipur, sadar bazaar business insurance, SME tax savings insurance",health-insurance-raipur-shop-owners-guide,/insurance/health
Pillar 2: Health Insurance,Cashless Network,tata aig cashless hospitals raipur,"ramkrishna care hospital raipur cashless, mmi narayana raipur insurance, network hospitals shankar nagar",tata-aig-cashless-hospitals-raipur-2026-guide,health-insurance-senior-citizens-raipur-guide
Pillar 3: Local Services,Real Estate,residential plots in raipur,"buy land in naya raipur, RERA approved plots raipur, legal checks for land raipur",top-residential-plots-raipur-2026,/services/properties
Pillar 3: Local Services,Automotive,used car buying guide raipur,"buy second hand car raipur, CG-04 RTO transfer guide, used car insurance transfer",raipur-used-car-buying-guide-2026,/services/used-cars
Pillar 3: Local Services,Digital Marketing,local seo raipur,"digital marketing agency raipur, grow raipur business online, google maps optimization raipur",benefits-seo-digital-marketing-raipur-businesses,/services/digital
Pillar 4: Travel Insurance,International (Hub),international travel insurance raipur,"tata aig travel guard raipur, overseas medical insurance raipur, global travel assistance",ultimate-guide-international-travel-insurance-raipur,/insurance/travel/international
Pillar 4: Travel Insurance,Student,student travel insurance raipur,"university waiver insurance raipur, study abroad medical insurance, TATA AIG student guard",study-abroad-travel-insurance-raipur-students,ultimate-guide-international-travel-insurance-raipur
Pillar 4: Travel Insurance,Senior Travel,senior citizen travel insurance raipur,"parents traveling abroad insurance raipur, travel insurance with PED cover raipur, elderly global insurance",senior-citizen-international-travel-insurance-raipur,ultimate-guide-international-travel-insurance-raipur
Pillar 4: Travel Insurance,Schengen,schengen visa insurance raipur,"europe travel insurance raipur, 30000 euro insurance raipur, TATA AIG schengen compliance",schengen-visa-insurance-raipur-tata-aig,ultimate-guide-international-travel-insurance-raipur
